Ship_id,Order_ID,Ship_Mode,Ship_Date
SHP_1,3,"REGULAR AIR",2010-10-20
SHP_10,807,"REGULAR AIR",2010-11-24
SHP_100,11941,"DELIVERY TRUCK",2010-06-25
SHP_1000,14471,"REGULAR AIR",2011-05-26
SHP_1001,14471,"REGULAR AIR",2011-05-28
SHP_1002,14529,"DELIVERY TRUCK",2010-09-24
SHP_1003,14529,"REGULAR AIR",2010-09-22
SHP_1004,14948,"DELIVERY TRUCK",2011-05-29
SHP_1005,16161,"REGULAR AIR",2012-07-29
SHP_1006,16161,"REGULAR AIR",2012-07-30
SHP_1007,16257,"REGULAR AIR",2012-06-05
SHP_1008,16806,"REGULAR AIR",2010-06-18
SHP_1009,16806,"REGULAR AIR",2010-06-19
SHP_101,12096,"REGULAR AIR",2012-09-19
SHP_1010,17344,"REGULAR AIR",2010-07-21
SHP_1011,17382,"REGULAR AIR",2011-05-07
SHP_1012,17507,"REGULAR AIR",2012-12-06
SHP_1013,17507,"DELIVERY TRUCK",2012-06-14
SHP_1014,17702,"EXPRESS AIR",2012-04-13
SHP_1015,17831,"REGULAR AIR",2012-10-26
SHP_1016,17831,"EXPRESS AIR",2012-10-28
SHP_1017,18179,"REGULAR AIR",2009-01-08
SHP_1018,18179,"REGULAR AIR",2009-02-08
SHP_1019,18179,"REGULAR AIR",2009-03-08
SHP_102,12096,"REGULAR AIR",2012-09-21
SHP_1020,19044,"REGULAR AIR",2012-04-13
SHP_1021,19044,"REGULAR AIR",2012-04-18
SHP_1022,19462,"REGULAR AIR",2011-09-21
SHP_1023,19936,"REGULAR AIR",2012-11-14
SHP_1024,19972,"REGULAR AIR",2012-06-18
SHP_1025,20038,"REGULAR AIR",2010-02-28
SHP_1026,20389,"DELIVERY TRUCK",2009-08-13
SHP_1027,20389,"REGULAR AIR",2009-08-13
SHP_1028,20389,"EXPRESS AIR",2009-08-13
SHP_1029,20422,"REGULAR AIR",2009-01-28
SHP_103,12289,"REGULAR AIR",2011-12-28
SHP_1030,20676,"REGULAR AIR",2012-11-26
SHP_1031,20807,"DELIVERY TRUCK",2012-07-23
SHP_1032,20838,"REGULAR AIR",2009-11-04
SHP_1033,20960,"REGULAR AIR",2011-11-23
SHP_1034,20961,"REGULAR AIR",2010-01-16
SHP_1035,21350,"REGULAR AIR",2011-02-25
SHP_1036,21572,"REGULAR AIR",2009-02-15
SHP_1037,21671,"REGULAR AIR",2010-06-18
SHP_1038,22657,"EXPRESS AIR",2011-10-30
SHP_1039,22657,"REGULAR AIR",2011-10-30
SHP_104,12352,"REGULAR AIR",2012-03-24
SHP_1040,23207,"REGULAR AIR",2010-10-23
SHP_1041,23940,"REGULAR AIR",2011-09-04
SHP_1042,23940,"DELIVERY TRUCK",2011-11-04
SHP_1043,24450,"REGULAR AIR",2012-11-07
SHP_1044,24450,"EXPRESS AIR",2012-12-07
SHP_1045,24580,"REGULAR AIR",2012-06-24
SHP_1046,24580,"REGULAR AIR",2012-06-25
SHP_1047,24833,"DELIVERY TRUCK",2010-07-18
SHP_1048,24933,"DELIVERY TRUCK",2009-07-28
SHP_1049,24933,"REGULAR AIR",2009-07-28
SHP_105,12419,"REGULAR AIR",2011-10-17
SHP_1050,25031,"REGULAR AIR",2009-08-25
SHP_1051,25031,"REGULAR AIR",2009-08-24
SHP_1052,25633,"DELIVERY TRUCK",2011-06-08
SHP_1053,25635,"EXPRESS AIR",2012-05-30
SHP_1054,25635,"REGULAR AIR",2012-05-30
SHP_1055,25830,"REGULAR AIR",2010-06-05
SHP_1056,25830,"REGULAR AIR",2010-11-05
SHP_1057,26342,"REGULAR AIR",2009-10-27
SHP_1058,26342,"REGULAR AIR",2009-10-23
SHP_1059,26342,"REGULAR AIR",2009-10-25
SHP_106,12485,"DELIVERY TRUCK",2010-08-08
SHP_1060,26368,"REGULAR AIR",2010-07-17
SHP_1061,26372,"REGULAR AIR",2009-07-16
SHP_1062,26756,"REGULAR AIR",2012-10-05
SHP_1063,26756,"REGULAR AIR",2012-12-05
SHP_1064,26851,"REGULAR AIR",2011-07-26
SHP_1065,26981,"REGULAR AIR",2012-08-30
SHP_1066,26981,"REGULAR AIR",2012-08-31
SHP_1067,27298,"REGULAR AIR",2011-11-23
SHP_1068,27298,"REGULAR AIR",2011-11-24
SHP_1069,27330,"REGULAR AIR",2009-09-16
SHP_107,12544,"REGULAR AIR",2009-10-03
SHP_1070,27330,"DELIVERY TRUCK",2009-09-25
SHP_1071,27781,"REGULAR AIR",2011-09-17
SHP_1072,28225,"REGULAR AIR",2009-01-22
SHP_1073,28389,"REGULAR AIR",2009-04-11
SHP_1074,28389,"DELIVERY TRUCK",2009-04-11
SHP_1075,28389,"DELIVERY TRUCK",2009-05-11
SHP_1076,28898,"REGULAR AIR",2011-05-28
SHP_1077,28901,"REGULAR AIR",2012-12-06
SHP_1078,29185,"REGULAR AIR",2010-01-21
SHP_1079,29185,"EXPRESS AIR",2010-01-22
SHP_108,12704,"REGULAR AIR",2010-09-02
SHP_1080,29408,"DELIVERY TRUCK",2010-03-05
SHP_1081,29985,"EXPRESS AIR",2012-12-07
SHP_1082,29986,"REGULAR AIR",2011-03-07
SHP_1083,30147,"REGULAR AIR",2012-06-19
SHP_1084,30149,"REGULAR AIR",2010-12-13
SHP_1085,30149,"DELIVERY TRUCK",2010-12-14
SHP_1086,30149,"REGULAR AIR",2010-12-15
SHP_1087,30310,"REGULAR AIR",2012-04-28
SHP_1088,31426,"REGULAR AIR",2009-09-08
SHP_1089,31872,"EXPRESS AIR",2010-10-09
SHP_109,12704,"DELIVERY TRUCK",2010-11-02
SHP_1090,31872,"DELIVERY TRUCK",2010-10-09
SHP_1091,31874,"EXPRESS AIR",2012-09-15
SHP_1092,31874,"DELIVERY TRUCK",2012-09-15
SHP_1093,31938,"DELIVERY TRUCK",2011-07-28
SHP_1094,31938,"REGULAR AIR",2011-07-29
SHP_1095,32582,"EXPRESS AIR",2009-06-26
SHP_1096,32611,"REGULAR AIR",2009-08-29
SHP_1097,32611,"DELIVERY TRUCK",2009-08-28
SHP_1098,32611,"EXPRESS AIR",2009-08-28
SHP_1099,32611,"REGULAR AIR",2009-08-27
SHP_11,868,"REGULAR AIR",2012-09-06
SHP_110,12771,"REGULAR AIR",2009-01-17
SHP_1100,32901,"REGULAR AIR",2011-11-01
SHP_1101,33284,"REGULAR AIR",2012-02-04
SHP_1102,33287,"DELIVERY TRUCK",2011-04-25
SHP_1103,33732,"REGULAR AIR",2009-08-29
SHP_1104,34435,"REGULAR AIR",2009-07-08
SHP_1105,34852,"REGULAR AIR",2012-09-09
SHP_1106,35649,"REGULAR AIR",2011-11-10
SHP_1107,36480,"REGULAR AIR",2010-08-23
SHP_1108,36803,"REGULAR AIR",2012-06-08
SHP_1109,36803,"EXPRESS AIR",2012-06-08
SHP_111,12771,"REGULAR AIR",2009-01-19
SHP_1110,36805,"REGULAR AIR",2010-12-16
SHP_1111,36805,"EXPRESS AIR",2010-12-16
SHP_1112,36834,"DELIVERY TRUCK",2009-12-26
SHP_1113,37410,"DELIVERY TRUCK",2010-10-14
SHP_1114,37729,"REGULAR AIR",2009-01-15
SHP_1115,37988,"REGULAR AIR",2011-05-04
SHP_1116,38690,"REGULAR AIR",2012-01-24
SHP_1117,38758,"REGULAR AIR",2011-09-26
SHP_1118,39332,"EXPRESS AIR",2011-10-10
SHP_1119,39745,"DELIVERY TRUCK",2011-05-05
SHP_112,12929,"DELIVERY TRUCK",2010-08-31
SHP_1120,40134,"REGULAR AIR",2011-10-16
SHP_1121,40134,"REGULAR AIR",2011-10-13
SHP_1122,40134,"REGULAR AIR",2011-10-14
SHP_1123,40164,"REGULAR AIR",2010-12-04
SHP_1124,40608,"REGULAR AIR",2012-08-21
SHP_1125,40608,"REGULAR AIR",2012-08-20
SHP_1126,40801,"REGULAR AIR",2012-01-07
SHP_1127,40965,"REGULAR AIR",2009-11-21
SHP_1128,41286,"REGULAR AIR",2012-09-17
SHP_1129,41412,"REGULAR AIR",2009-09-19
SHP_113,12929,"REGULAR AIR",2010-08-31
SHP_1130,41569,"REGULAR AIR",2010-07-23
SHP_1131,41633,"DELIVERY TRUCK",2010-09-11
SHP_1132,41895,"REGULAR AIR",2011-12-01
SHP_1133,42112,"REGULAR AIR",2010-12-26
SHP_1134,42177,"REGULAR AIR",2012-05-31
SHP_1135,42177,"REGULAR AIR",2012-02-06
SHP_1136,42339,"REGULAR AIR",2009-12-02
SHP_1137,42342,"REGULAR AIR",2009-05-09
SHP_1138,42947,"REGULAR AIR",2010-08-28
SHP_1139,43079,"REGULAR AIR",2009-07-22
SHP_114,13280,"REGULAR AIR",2009-12-09
SHP_1140,43111,"REGULAR AIR",2011-09-13
SHP_1141,43140,"REGULAR AIR",2009-03-20
SHP_1142,44098,"REGULAR AIR",2010-01-31
SHP_1143,44451,"EXPRESS AIR",2011-09-13
SHP_1144,45059,"EXPRESS AIR",2011-04-02
SHP_1145,45059,"EXPRESS AIR",2011-05-02
SHP_1146,45155,"REGULAR AIR",2011-02-22
SHP_1147,45155,"REGULAR AIR",2011-02-15
SHP_1148,45317,"REGULAR AIR",2012-08-03
SHP_1149,45731,"EXPRESS AIR",2009-11-08
SHP_115,13313,"REGULAR AIR",2009-07-17
SHP_1150,45731,"REGULAR AIR",2009-12-08
SHP_1151,46849,"REGULAR AIR",2010-12-14
SHP_1152,47108,"REGULAR AIR",2009-10-16
SHP_1153,47108,"REGULAR AIR",2009-10-17
SHP_1154,47108,"EXPRESS AIR",2009-10-18
SHP_1155,47108,"EXPRESS AIR",2009-10-16
SHP_1156,47520,"REGULAR AIR",2009-09-10
SHP_1157,47520,"DELIVERY TRUCK",2009-09-10
SHP_1158,47527,"DELIVERY TRUCK",2010-09-18
SHP_1159,47713,"REGULAR AIR",2009-03-07
SHP_116,13346,"REGULAR AIR",2012-11-20
SHP_1160,47750,"REGULAR AIR",2010-06-15
SHP_1161,48452,"DELIVERY TRUCK",2010-11-10
SHP_1162,48452,"REGULAR AIR",2010-09-10
SHP_1163,48452,"REGULAR AIR",2010-10-10
SHP_1164,48452,"REGULAR AIR",2010-11-10
SHP_1165,49088,"REGULAR AIR",2009-09-24
SHP_1166,49088,"EXPRESS AIR",2009-09-24
SHP_1167,49088,"REGULAR AIR",2009-09-25
SHP_1168,49223,"REGULAR AIR",2011-02-10
SHP_1169,49634,"REGULAR AIR",2012-03-24
SHP_117,13702,"REGULAR AIR",2011-09-14
SHP_1170,49987,"DELIVERY TRUCK",2011-01-22
SHP_1171,50208,"EXPRESS AIR",2011-01-23
SHP_1172,50338,"REGULAR AIR",2009-03-25
SHP_1173,50945,"REGULAR AIR",2011-09-01
SHP_1174,51462,"EXPRESS AIR",2011-06-24
SHP_1175,51494,"REGULAR AIR",2011-05-08
SHP_1176,51525,"EXPRESS AIR",2011-09-11
SHP_1177,51525,"REGULAR AIR",2011-09-11
SHP_1178,52933,"EXPRESS AIR",2010-02-09
SHP_1179,53025,"REGULAR AIR",2010-03-18
SHP_118,13795,"REGULAR AIR",2011-04-13
SHP_1180,53894,"REGULAR AIR",2009-08-07
SHP_1181,53894,"EXPRESS AIR",2009-07-07
SHP_1182,53953,"REGULAR AIR",2009-03-28
SHP_1183,54304,"REGULAR AIR",2010-02-19
SHP_1184,55075,"DELIVERY TRUCK",2011-04-02
SHP_1185,55268,"EXPRESS AIR",2012-03-18
SHP_1186,55367,"DELIVERY TRUCK",2009-11-01
SHP_1187,55367,"REGULAR AIR",2009-12-01
SHP_1188,56321,"REGULAR AIR",2010-04-18
SHP_1189,56610,"EXPRESS AIR",2010-07-03
SHP_119,13795,"EXPRESS AIR",2011-04-13
SHP_1190,56740,"REGULAR AIR",2012-10-23
SHP_1191,56901,"REGULAR AIR",2009-09-13
SHP_1192,57314,"EXPRESS AIR",2010-10-16
SHP_1193,57314,"REGULAR AIR",2010-10-19
SHP_1194,57376,"REGULAR AIR",2011-06-21
SHP_1195,57376,"REGULAR AIR",2011-06-19
SHP_1196,57671,"REGULAR AIR",2012-08-11
SHP_1197,57700,"REGULAR AIR",2011-12-11
SHP_1198,58407,"REGULAR AIR",2011-09-05
SHP_1199,58593,"REGULAR AIR",2011-09-09
SHP_12,868,"REGULAR AIR",2012-10-06
SHP_120,13795,"REGULAR AIR",2011-11-04
SHP_1200,58884,"REGULAR AIR",2011-03-26
SHP_1201,58884,"DELIVERY TRUCK",2011-03-26
SHP_1202,58913,"REGULAR AIR",2010-05-13
SHP_1203,58978,"REGULAR AIR",2012-02-13
SHP_1204,229,"REGULAR AIR",2010-12-30
SHP_1205,706,"REGULAR AIR",2011-10-09
SHP_1206,1285,"DELIVERY TRUCK",2012-05-31
SHP_1207,1285,"DELIVERY TRUCK",2012-01-06
SHP_1208,1313,"REGULAR AIR",2009-09-14
SHP_1209,1346,"DELIVERY TRUCK",2012-06-19
SHP_121,14116,"REGULAR AIR",2011-11-10
SHP_1210,1699,"REGULAR AIR",2011-03-23
SHP_1211,2208,"REGULAR AIR",2011-02-05
SHP_1212,2208,"REGULAR AIR",2011-01-05
SHP_1213,2656,"DELIVERY TRUCK",2010-04-05
SHP_1214,2656,"REGULAR AIR",2010-05-05
SHP_1215,3361,"REGULAR AIR",2012-08-22
SHP_1216,3361,"REGULAR AIR",2012-08-23
SHP_1217,3393,"EXPRESS AIR",2011-04-07
SHP_1218,3393,"REGULAR AIR",2011-03-07
SHP_1219,4487,"REGULAR AIR",2010-02-23
SHP_122,14116,"REGULAR AIR",2011-10-10
SHP_1220,4579,"REGULAR AIR",2011-01-12
SHP_1221,5061,"REGULAR AIR",2010-08-15
SHP_1222,5092,"DELIVERY TRUCK",2011-10-29
SHP_1223,5092,"REGULAR AIR",2011-03-11
SHP_1224,5511,"EXPRESS AIR",2009-11-29
SHP_1225,5511,"REGULAR AIR",2009-11-29
SHP_1226,5799,"DELIVERY TRUCK",2011-04-08
SHP_1227,5890,"EXPRESS AIR",2012-04-11
SHP_1228,6596,"DELIVERY TRUCK",2011-07-26
SHP_1229,7015,"REGULAR AIR",2010-10-14
SHP_123,14372,"DELIVERY TRUCK",2012-10-25
SHP_1230,7015,"EXPRESS AIR",2010-10-13
SHP_1231,7106,"REGULAR AIR",2012-12-05
SHP_1232,8007,"REGULAR AIR",2012-11-02
SHP_1233,8257,"DELIVERY TRUCK",2009-03-22
SHP_1234,8257,"REGULAR AIR",2009-03-26
SHP_1235,8257,"REGULAR AIR",2009-03-29
SHP_1236,8773,"REGULAR AIR",2011-10-22
SHP_1237,9057,"REGULAR AIR",2009-04-11
SHP_1238,9285,"REGULAR AIR",2009-04-01
SHP_1239,9861,"REGULAR AIR",2012-01-11
SHP_124,14726,"REGULAR AIR",2012-08-01
SHP_1240,9922,"DELIVERY TRUCK",2011-04-04
SHP_1241,9923,"REGULAR AIR",2009-05-10
SHP_1242,9923,"DELIVERY TRUCK",2009-06-10
SHP_1243,9925,"EXPRESS AIR",2012-02-02
SHP_1244,9925,"REGULAR AIR",2012-01-02
SHP_1245,10593,"REGULAR AIR",2012-02-13
SHP_1246,10593,"REGULAR AIR",2012-02-14
SHP_1247,11969,"REGULAR AIR",2012-01-20
SHP_1248,11969,"DELIVERY TRUCK",2012-01-21
SHP_1249,12228,"DELIVERY TRUCK",2009-06-28
SHP_125,14819,"REGULAR AIR",2010-01-27
SHP_1250,12228,"REGULAR AIR",2009-06-25
SHP_1251,12355,"REGULAR AIR",2011-05-30
SHP_1252,12389,"REGULAR AIR",2009-06-08
SHP_1253,12389,"REGULAR AIR",2009-05-08
SHP_1254,12710,"REGULAR AIR",2010-08-17
SHP_1255,13636,"DELIVERY TRUCK",2009-01-26
SHP_1256,14021,"EXPRESS AIR",2011-08-03
SHP_1257,14338,"DELIVERY TRUCK",2010-07-02
SHP_1258,14406,"REGULAR AIR",2010-10-03
SHP_1259,14406,"DELIVERY TRUCK",2010-10-03
SHP_126,14819,"DELIVERY TRUCK",2010-01-26
SHP_1260,14406,"EXPRESS AIR",2010-10-03
SHP_1261,15878,"REGULAR AIR",2010-06-11
SHP_1262,16133,"REGULAR AIR",2009-09-27
SHP_1263,16612,"DELIVERY TRUCK",2009-02-14
SHP_1264,16612,"REGULAR AIR",2009-02-15
SHP_1265,16967,"REGULAR AIR",2011-08-21
SHP_1266,16967,"REGULAR AIR",2011-08-19
SHP_1267,18432,"REGULAR AIR",2011-12-03
SHP_1268,18432,"EXPRESS AIR",2011-12-03
SHP_1269,18432,"DELIVERY TRUCK",2011-03-14
SHP_127,15106,"REGULAR AIR",2011-01-29
SHP_1270,18432,"EXPRESS AIR",2011-03-14
SHP_1271,18464,"DELIVERY TRUCK",2012-03-30
SHP_1272,18464,"DELIVERY TRUCK",2012-03-28
SHP_1273,18464,"REGULAR AIR",2012-03-30
SHP_1274,18754,"DELIVERY TRUCK",2009-09-27
SHP_1275,18754,"REGULAR AIR",2009-09-26
SHP_1276,19905,"REGULAR AIR",2012-08-14
SHP_1277,19905,"DELIVERY TRUCK",2012-08-14
SHP_1278,20256,"REGULAR AIR",2012-05-02
SHP_1279,20386,"REGULAR AIR",2010-02-27
SHP_128,15106,"DELIVERY TRUCK",2011-01-27
SHP_1280,20455,"EXPRESS AIR",2010-06-29
SHP_1281,20642,"REGULAR AIR",2012-05-20
SHP_1282,21379,"DELIVERY TRUCK",2011-01-16
SHP_1283,21766,"DELIVERY TRUCK",2009-03-06
SHP_1284,21766,"REGULAR AIR",2009-03-06
SHP_1285,22053,"REGULAR AIR",2010-08-23
SHP_1286,22368,"REGULAR AIR",2010-02-20
SHP_1287,22368,"DELIVERY TRUCK",2010-02-21
SHP_1288,22885,"REGULAR AIR",2009-11-25
SHP_1289,22947,"REGULAR AIR",2009-12-25
SHP_129,15108,"REGULAR AIR",2009-08-29
SHP_1290,23844,"REGULAR AIR",2009-08-07
SHP_1291,23844,"REGULAR AIR",2009-07-07
SHP_1292,24039,"REGULAR AIR",2012-07-19
SHP_1293,25347,"REGULAR AIR",2009-06-19
SHP_1294,25825,"REGULAR AIR",2012-07-22
SHP_1295,25825,"REGULAR AIR",2012-07-19
SHP_1296,26304,"REGULAR AIR",2011-03-20
SHP_1297,26726,"REGULAR AIR",2012-12-27
SHP_1298,26726,"REGULAR AIR",2012-12-29
SHP_1299,26726,"REGULAR AIR",2012-12-28
SHP_13,933,"REGULAR AIR",2012-04-08
SHP_130,15205,"DELIVERY TRUCK",2011-03-19
SHP_1300,27266,"REGULAR AIR",2011-11-09
SHP_1301,27396,"REGULAR AIR",2010-10-12
SHP_1302,28480,"REGULAR AIR",2009-03-16
SHP_1303,29158,"DELIVERY TRUCK",2011-10-21
SHP_1304,29409,"REGULAR AIR",2011-01-15
SHP_1305,29956,"REGULAR AIR",2009-08-15
SHP_1306,30341,"DELIVERY TRUCK",2009-01-31
SHP_1307,30341,"REGULAR AIR",2009-01-31
SHP_1308,30341,"REGULAR AIR",2009-07-02
SHP_1309,30467,"REGULAR AIR",2009-08-16
SHP_131,15205,"REGULAR AIR",2011-03-18
SHP_1310,30785,"REGULAR AIR",2009-05-07
SHP_1311,30785,"REGULAR AIR",2009-06-07
SHP_1312,31171,"REGULAR AIR",2009-09-04
SHP_1313,31297,"REGULAR AIR",2012-08-25
SHP_1314,31297,"REGULAR AIR",2012-08-27
SHP_1315,31553,"REGULAR AIR",2009-12-01
SHP_1316,32706,"DELIVERY TRUCK",2009-06-07
SHP_1317,33122,"DELIVERY TRUCK",2010-06-26
SHP_1318,33570,"REGULAR AIR",2012-12-18
SHP_1319,33570,"DELIVERY TRUCK",2012-12-18
SHP_132,15591,"REGULAR AIR",2012-08-06
SHP_1320,33570,"REGULAR AIR",2012-12-16
SHP_1321,33893,"REGULAR AIR",2012-09-22
SHP_1322,33893,"REGULAR AIR",2012-09-21
SHP_1323,34599,"REGULAR AIR",2010-07-03
SHP_1324,34721,"REGULAR AIR",2010-02-11
SHP_1325,34787,"REGULAR AIR",2010-02-03
SHP_1326,34791,"REGULAR AIR",2011-09-05
SHP_1327,34791,"REGULAR AIR",2011-07-05
SHP_1328,34822,"REGULAR AIR",2012-11-07
SHP_1329,34853,"REGULAR AIR",2011-02-10
SHP_133,15907,"DELIVERY TRUCK",2011-04-13
SHP_1330,35522,"REGULAR AIR",2010-01-11
SHP_1331,36099,"REGULAR AIR",2010-09-22
SHP_1332,36359,"REGULAR AIR",2011-11-24
SHP_1333,36901,"REGULAR AIR",2012-09-14
SHP_1334,37412,"REGULAR AIR",2012-05-08
SHP_1335,38625,"EXPRESS AIR",2010-11-19
SHP_1336,38625,"REGULAR AIR",2010-11-19
SHP_1337,38656,"REGULAR AIR",2012-10-08
SHP_1338,38784,"REGULAR AIR",2011-05-02
SHP_1339,38882,"DELIVERY TRUCK",2009-12-15
SHP_134,15907,"EXPRESS AIR",2011-04-14
SHP_1340,39527,"REGULAR AIR",2011-04-26
SHP_1341,39845,"REGULAR AIR",2009-07-09
SHP_1342,39877,"REGULAR AIR",2012-08-18
SHP_1343,40259,"EXPRESS AIR",2010-10-13
SHP_1344,41217,"EXPRESS AIR",2011-07-15
SHP_1345,41671,"REGULAR AIR",2012-05-12
SHP_1346,41927,"EXPRESS AIR",2012-07-16
SHP_1347,41988,"DELIVERY TRUCK",2009-04-02
SHP_1348,41988,"DELIVERY TRUCK",2009-08-02
SHP_1349,41988,"REGULAR AIR",2009-08-02
SHP_135,15907,"REGULAR AIR",2011-12-04
SHP_1350,42692,"REGULAR AIR",2011-12-22
SHP_1351,42692,"REGULAR AIR",2011-12-21
SHP_1352,44007,"REGULAR AIR",2011-05-30
SHP_1353,44450,"REGULAR AIR",2010-10-10
SHP_1354,44450,"REGULAR AIR",2010-09-10
SHP_1355,44610,"REGULAR AIR",2011-10-03
SHP_1356,44999,"REGULAR AIR",2010-01-23
SHP_1357,45025,"REGULAR AIR",2011-04-14
SHP_1358,45248,"REGULAR AIR",2011-04-18
SHP_1359,45249,"REGULAR AIR",2010-02-12
SHP_136,15937,"REGULAR AIR",2012-10-11
SHP_1360,45570,"REGULAR AIR",2010-10-08
SHP_1361,45731,"DELIVERY TRUCK",2009-11-08
SHP_1362,46375,"REGULAR AIR",2010-08-28
SHP_1363,46375,"REGULAR AIR",2010-08-27
SHP_1364,46885,"REGULAR AIR",2011-11-06
SHP_1365,46885,"REGULAR AIR",2011-12-06
SHP_1366,46948,"REGULAR AIR",2010-05-24
SHP_1367,47267,"REGULAR AIR",2010-12-30
SHP_1368,47267,"DELIVERY TRUCK",2010-12-30
SHP_1369,47333,"REGULAR AIR",2011-07-09
SHP_137,15937,"EXPRESS AIR",2012-11-15
SHP_1370,48167,"DELIVERY TRUCK",2009-09-09
SHP_1371,48167,"REGULAR AIR",2009-07-09
SHP_1372,48167,"DELIVERY TRUCK",2009-07-09
SHP_1373,48230,"EXPRESS AIR",2009-02-27
SHP_1374,48230,"REGULAR AIR",2009-02-27
SHP_1375,48480,"DELIVERY TRUCK",2010-05-01
SHP_1376,48614,"REGULAR AIR",2012-05-31
SHP_1377,48772,"REGULAR AIR",2009-05-14
SHP_1378,48772,"REGULAR AIR",2009-05-13
SHP_1379,48800,"REGULAR AIR",2010-10-23
SHP_138,16039,"REGULAR AIR",2012-05-17
SHP_1380,48931,"REGULAR AIR",2009-06-24
SHP_1381,48931,"REGULAR AIR",2009-06-19
SHP_1382,48931,"REGULAR AIR",2009-06-22
SHP_1383,49126,"DELIVERY TRUCK",2011-07-17
SHP_1384,49283,"REGULAR AIR",2009-12-12
SHP_1385,49441,"EXPRESS AIR",2009-09-28
SHP_1386,49601,"DELIVERY TRUCK",2011-02-02
SHP_1387,49763,"REGULAR AIR",2011-02-14
SHP_1388,49763,"DELIVERY TRUCK",2011-02-13
SHP_1389,49927,"REGULAR AIR",2012-07-20
SHP_139,16193,"REGULAR AIR",2012-11-04
SHP_1390,49927,"REGULAR AIR",2012-07-22
SHP_1391,49927,"REGULAR AIR",2012-07-21
SHP_1392,50048,"REGULAR AIR",2010-01-20
SHP_1393,50499,"DELIVERY TRUCK",2011-10-13
SHP_1394,51041,"REGULAR AIR",2010-07-30
SHP_1395,51328,"REGULAR AIR",2010-10-31
SHP_1396,51333,"DELIVERY TRUCK",2012-06-10
SHP_1397,51333,"REGULAR AIR",2012-06-10
SHP_1398,51365,"REGULAR AIR",2012-09-08
SHP_1399,51365,"DELIVERY TRUCK",2012-08-08
SHP_14,995,"REGULAR AIR",2011-05-31
SHP_140,16423,"REGULAR AIR",2012-07-08
SHP_1400,51777,"REGULAR AIR",2011-02-20
SHP_1401,51777,"REGULAR AIR",2011-02-21
SHP_1402,51814,"REGULAR AIR",2010-09-26
SHP_1403,51975,"REGULAR AIR",2009-12-22
SHP_1404,52225,"REGULAR AIR",2012-04-13
SHP_1405,52487,"REGULAR AIR",2009-02-06
SHP_1406,52868,"REGULAR AIR",2011-02-18
SHP_1407,53221,"REGULAR AIR",2012-02-27
SHP_1408,53600,"EXPRESS AIR",2012-11-07
SHP_1409,53667,"REGULAR AIR",2012-05-19
SHP_141,16451,"REGULAR AIR",2009-07-23
SHP_1410,53891,"REGULAR AIR",2009-01-22
SHP_1411,53955,"DELIVERY TRUCK",2011-06-03
SHP_1412,54150,"EXPRESS AIR",2011-06-22
SHP_1413,55429,"REGULAR AIR",2009-01-07
SHP_1414,55462,"REGULAR AIR",2012-03-29
SHP_1415,55462,"REGULAR AIR",2012-03-28
SHP_1416,55749,"REGULAR AIR",2012-04-05
SHP_1417,55873,"DELIVERY TRUCK",2011-11-26
SHP_1418,56135,"DELIVERY TRUCK",2010-11-15
SHP_1419,56135,"REGULAR AIR",2010-11-14
SHP_142,16545,"REGULAR AIR",2010-11-05
SHP_1420,56708,"DELIVERY TRUCK",2012-02-12
SHP_1421,56708,"REGULAR AIR",2012-05-12
SHP_1422,57986,"REGULAR AIR",2010-10-29
SHP_1423,58310,"REGULAR AIR",2009-02-24
SHP_1424,58725,"REGULAR AIR",2010-05-21
SHP_1425,902,"REGULAR AIR",2009-07-29
SHP_1426,2147,"EXPRESS AIR",2012-07-09
SHP_1427,2306,"REGULAR AIR",2011-07-27
SHP_1428,2823,"REGULAR AIR",2011-09-09
SHP_1429,2823,"DELIVERY TRUCK",2011-09-09
SHP_143,16547,"DELIVERY TRUCK",2009-02-20
SHP_1430,3110,"DELIVERY TRUCK",2009-12-18
SHP_1431,3463,"REGULAR AIR",2010-08-18
SHP_1432,4034,"REGULAR AIR",2010-11-14
SHP_1433,4034,"DELIVERY TRUCK",2010-11-14
SHP_1434,4037,"REGULAR AIR",2010-03-24
SHP_1435,5538,"REGULAR AIR",2010-12-26
SHP_1436,5538,"DELIVERY TRUCK",2010-12-25
SHP_1437,5538,"REGULAR AIR",2010-12-27
SHP_1438,5863,"REGULAR AIR",2010-11-22
SHP_1439,7175,"DELIVERY TRUCK",2010-09-02
SHP_144,16547,"DELIVERY TRUCK",2009-02-18
SHP_1440,7364,"REGULAR AIR",2009-10-05
SHP_1441,7878,"DELIVERY TRUCK",2011-06-05
SHP_1442,7878,"REGULAR AIR",2011-03-05
SHP_1443,7878,"REGULAR AIR",2011-08-05
SHP_1444,8551,"REGULAR AIR",2009-01-08
SHP_1445,8551,"REGULAR AIR",2009-07-31
SHP_1446,8834,"REGULAR AIR",2010-09-11
SHP_1447,9155,"REGULAR AIR",2012-08-31
SHP_1448,9668,"REGULAR AIR",2009-08-09
SHP_1449,10242,"REGULAR AIR",2010-12-13
SHP_145,16706,"REGULAR AIR",2012-06-28
SHP_1450,12292,"REGULAR AIR",2012-02-06
SHP_1451,14503,"EXPRESS AIR",2011-06-02
SHP_1452,15109,"REGULAR AIR",2010-12-17
SHP_1453,15109,"REGULAR AIR",2010-12-16
SHP_1454,15109,"REGULAR AIR",2010-12-15
SHP_1455,15142,"REGULAR AIR",2012-06-04
SHP_1456,15332,"REGULAR AIR",2010-01-06
SHP_1457,15872,"DELIVERY TRUCK",2012-10-30
SHP_1458,15872,"REGULAR AIR",2012-01-11
SHP_1459,15872,"REGULAR AIR",2012-10-31
SHP_146,16706,"EXPRESS AIR",2012-06-29
SHP_1460,16032,"REGULAR AIR",2009-12-12
SHP_1461,16165,"EXPRESS AIR",2010-07-24
SHP_1462,16165,"EXPRESS AIR",2010-07-23
SHP_1463,16165,"EXPRESS AIR",2010-07-22
SHP_1464,17632,"REGULAR AIR",2010-02-22
SHP_1465,19492,"REGULAR AIR",2010-12-14
SHP_1466,19492,"REGULAR AIR",2010-12-13
SHP_1467,20102,"REGULAR AIR",2011-06-06
SHP_1468,21863,"REGULAR AIR",2010-11-22
SHP_1469,21894,"REGULAR AIR",2011-12-20
SHP_147,16741,"REGULAR AIR",2010-01-10
SHP_1470,22022,"DELIVERY TRUCK",2010-04-04
SHP_1471,22663,"DELIVERY TRUCK",2012-11-01
SHP_1472,22663,"DELIVERY TRUCK",2012-01-16
SHP_1473,23713,"REGULAR AIR",2012-01-12
SHP_1474,24358,"REGULAR AIR",2009-05-16
SHP_1475,24386,"REGULAR AIR",2012-06-28
SHP_1476,24386,"EXPRESS AIR",2012-06-27
SHP_1477,24899,"REGULAR AIR",2011-08-22
SHP_1478,25473,"DELIVERY TRUCK",2012-10-16
SHP_1479,25473,"REGULAR AIR",2012-10-17
SHP_148,16932,"REGULAR AIR",2010-04-16
SHP_1480,25638,"REGULAR AIR",2009-07-08
SHP_1481,26016,"REGULAR AIR",2009-09-10
SHP_1482,26016,"EXPRESS AIR",2009-09-10
SHP_1483,26182,"DELIVERY TRUCK",2010-01-16
SHP_1484,26691,"REGULAR AIR",2012-04-08
SHP_1485,27015,"REGULAR AIR",2011-12-31
SHP_1486,27840,"DELIVERY TRUCK",2009-04-07
SHP_1487,28130,"EXPRESS AIR",2009-03-08
SHP_1488,28130,"EXPRESS AIR",2009-07-30
SHP_1489,28290,"EXPRESS AIR",2009-01-14
SHP_149,16932,"REGULAR AIR",2010-04-15
SHP_1490,28290,"EXPRESS AIR",2009-12-01
SHP_1491,29927,"REGULAR AIR",2012-08-11
SHP_1492,29953,"REGULAR AIR",2011-10-02
SHP_1493,31238,"EXPRESS AIR",2010-08-24
SHP_1494,32067,"REGULAR AIR",2012-03-13
SHP_1495,32198,"REGULAR AIR",2011-09-11
SHP_1496,32231,"REGULAR AIR",2012-05-11
SHP_1497,32452,"REGULAR AIR",2011-07-19
SHP_1498,32998,"DELIVERY TRUCK",2010-09-30
SHP_1499,33091,"REGULAR AIR",2011-01-27
SHP_15,998,"REGULAR AIR",2009-11-26
SHP_150,17283,"DELIVERY TRUCK",2011-09-15
SHP_1500,33250,"REGULAR AIR",2009-06-27
SHP_1501,33378,"REGULAR AIR",2012-04-28
SHP_1502,33889,"DELIVERY TRUCK",2010-11-11
SHP_1503,33889,"REGULAR AIR",2010-11-13
SHP_1504,33889,"REGULAR AIR",2010-10-11
SHP_1505,33889,"REGULAR AIR",2010-08-11
SHP_1506,34567,"DELIVERY TRUCK",2009-04-30
SHP_1507,36163,"REGULAR AIR",2012-05-11
SHP_1508,36449,"REGULAR AIR",2010-05-09
SHP_1509,36675,"REGULAR AIR",2011-06-07
SHP_151,17286,"DELIVERY TRUCK",2010-09-22
SHP_1510,37862,"REGULAR AIR",2009-01-15
SHP_1511,38240,"REGULAR AIR",2009-12-19
SHP_1512,38693,"REGULAR AIR",2011-06-21
SHP_1513,38917,"REGULAR AIR",2010-11-28
SHP_1514,39015,"DELIVERY TRUCK",2009-06-12
SHP_1515,39015,"REGULAR AIR",2009-06-12
SHP_1516,39265,"REGULAR AIR",2010-08-05
SHP_1517,40962,"REGULAR AIR",2011-02-21
SHP_1518,41059,"EXPRESS AIR",2010-09-14
SHP_1519,41059,"REGULAR AIR",2010-09-15
SHP_152,17409,"REGULAR AIR",2010-08-19
SHP_1520,41059,"EXPRESS AIR",2010-09-16
SHP_1521,41059,"DELIVERY TRUCK",2010-09-15
SHP_1522,41664,"REGULAR AIR",2011-04-12
SHP_1523,41664,"REGULAR AIR",2011-06-12
SHP_1524,42596,"REGULAR AIR",2012-08-16
SHP_1525,43424,"EXPRESS AIR",2011-08-20
SHP_1526,43808,"REGULAR AIR",2011-01-13
SHP_1527,45218,"REGULAR AIR",2009-12-05
SHP_1528,46050,"REGULAR AIR",2010-07-01
SHP_1529,46117,"DELIVERY TRUCK",2011-05-26
SHP_153,17764,"REGULAR AIR",2009-09-16
SHP_1530,46243,"EXPRESS AIR",2012-01-26
SHP_1531,46243,"REGULAR AIR",2012-01-29
SHP_1532,46243,"REGULAR AIR",2012-01-31
SHP_1533,46310,"REGULAR AIR",2010-07-22
SHP_1534,46310,"REGULAR AIR",2010-07-21
SHP_1535,46503,"REGULAR AIR",2011-09-11
SHP_1536,46726,"REGULAR AIR",2012-05-07
SHP_1537,46726,"REGULAR AIR",2012-07-07
SHP_1538,47042,"REGULAR AIR",2012-03-03
SHP_1539,47174,"REGULAR AIR",2011-09-16
SHP_154,18080,"DELIVERY TRUCK",2009-06-23
SHP_1540,48034,"REGULAR AIR",2009-07-15
SHP_1541,48034,"DELIVERY TRUCK",2009-07-14
SHP_1542,48164,"REGULAR AIR",2011-10-31
SHP_1543,49189,"REGULAR AIR",2011-01-18
SHP_1544,49986,"REGULAR AIR",2010-10-16
SHP_1545,50336,"REGULAR AIR",2009-05-11
SHP_1546,50373,"REGULAR AIR",2009-03-07
SHP_1547,50564,"REGULAR AIR",2012-04-03
SHP_1548,50949,"EXPRESS AIR",2011-05-02
SHP_1549,50949,"REGULAR AIR",2011-06-02
SHP_155,18113,"DELIVERY TRUCK",2012-08-30
SHP_1550,51361,"EXPRESS AIR",2011-03-20
SHP_1551,51361,"DELIVERY TRUCK",2011-03-22
SHP_1552,51780,"EXPRESS AIR",2010-07-31
SHP_1553,51940,"REGULAR AIR",2012-10-18
SHP_1554,52071,"REGULAR AIR",2011-11-29
SHP_1555,53152,"REGULAR AIR",2009-07-03
SHP_1556,53152,"REGULAR AIR",2009-08-03
SHP_1557,54177,"REGULAR AIR",2012-01-25
SHP_1558,54177,"REGULAR AIR",2012-01-27
SHP_1559,55107,"REGULAR AIR",2010-05-13
SHP_156,18144,"REGULAR AIR",2011-09-06
SHP_1560,55461,"REGULAR AIR",2009-09-29
SHP_1561,55526,"REGULAR AIR",2012-03-07
SHP_1562,55969,"REGULAR AIR",2010-07-10
SHP_1563,57153,"REGULAR AIR",2009-05-28
SHP_1564,57153,"REGULAR AIR",2009-05-27
SHP_1565,57538,"REGULAR AIR",2010-02-22
SHP_1566,58656,"REGULAR AIR",2010-06-12
SHP_1567,58789,"REGULAR AIR",2010-09-08
SHP_1568,58789,"REGULAR AIR",2010-10-08
SHP_1569,59200,"REGULAR AIR",2011-09-12
SHP_157,18308,"REGULAR AIR",2009-11-10
SHP_1570,59200,"REGULAR AIR",2011-11-12
SHP_1571,59459,"REGULAR AIR",2009-05-02
SHP_1572,59878,"REGULAR AIR",2012-05-29
SHP_1573,59909,"DELIVERY TRUCK",2012-07-08
SHP_1574,59909,"EXPRESS AIR",2012-12-08
SHP_1575,1218,"REGULAR AIR",2009-06-22
SHP_1576,1600,"REGULAR AIR",2010-04-03
SHP_1577,1600,"REGULAR AIR",2010-03-03
SHP_1578,2373,"REGULAR AIR",2009-12-03
SHP_1579,2626,"REGULAR AIR",2011-09-09
SHP_158,18308,"REGULAR AIR",2009-09-10
SHP_1580,3109,"REGULAR AIR",2010-07-30
SHP_1581,3777,"EXPRESS AIR",2009-08-04
SHP_1582,3973,"REGULAR AIR",2012-03-25
SHP_1583,4932,"REGULAR AIR",2010-11-08
SHP_1584,7239,"REGULAR AIR",2011-01-07
SHP_1585,9088,"REGULAR AIR",2009-06-24
SHP_1586,11428,"REGULAR AIR",2012-01-21
SHP_1587,12452,"REGULAR AIR",2010-08-12
SHP_1588,12452,"REGULAR AIR",2010-09-12
SHP_1589,13345,"REGULAR AIR",2012-03-09
SHP_159,18308,"REGULAR AIR",2009-10-10
SHP_1590,13345,"REGULAR AIR",2012-02-09
SHP_1591,13410,"REGULAR AIR",2010-08-06
SHP_1592,13410,"REGULAR AIR",2010-07-06
SHP_1593,15808,"REGULAR AIR",2010-12-14
SHP_1594,15808,"EXPRESS AIR",2010-12-14
SHP_1595,15808,"REGULAR AIR",2010-12-16
SHP_1596,15808,"REGULAR AIR",2010-12-15
SHP_1597,16326,"REGULAR AIR",2010-12-05
SHP_1598,16326,"REGULAR AIR",2010-10-05
SHP_1599,17985,"DELIVERY TRUCK",2011-04-13
SHP_16,1154,"DELIVERY TRUCK",2012-02-16
SHP_160,18887,"REGULAR AIR",2010-07-12
SHP_1600,17985,"REGULAR AIR",2011-04-14
SHP_1601,20480,"DELIVERY TRUCK",2009-01-31
SHP_1602,21091,"EXPRESS AIR",2009-12-14
SHP_1603,26759,"REGULAR AIR",2012-01-27
SHP_1604,26853,"REGULAR AIR",2012-06-16
SHP_1605,26918,"REGULAR AIR",2009-04-15
SHP_1606,27456,"DELIVERY TRUCK",2009-11-04
SHP_1607,28420,"EXPRESS AIR",2009-09-24
SHP_1608,29318,"EXPRESS AIR",2011-01-07
SHP_1609,29318,"REGULAR AIR",2011-01-07
SHP_161,19010,"REGULAR AIR",2009-09-06
SHP_1610,30016,"REGULAR AIR",2009-05-01
SHP_1611,30016,"REGULAR AIR",2009-06-01
SHP_1612,33255,"EXPRESS AIR",2010-06-25
SHP_1613,35104,"REGULAR AIR",2012-04-25
SHP_1614,35104,"REGULAR AIR",2012-04-24
SHP_1615,35142,"REGULAR AIR",2010-04-24
SHP_1616,35584,"EXPRESS AIR",2011-03-05
SHP_1617,35908,"REGULAR AIR",2010-12-14
SHP_1618,35908,"EXPRESS AIR",2010-12-13
SHP_1619,36706,"REGULAR AIR",2009-04-13
SHP_162,19078,"REGULAR AIR",2009-07-28
SHP_1620,37121,"DELIVERY TRUCK",2011-03-16
SHP_1621,38528,"REGULAR AIR",2011-12-21
SHP_1622,38853,"REGULAR AIR",2012-03-27
SHP_1623,39590,"EXPRESS AIR",2011-05-21
SHP_1624,40707,"REGULAR AIR",2009-06-13
SHP_1625,40961,"REGULAR AIR",2011-03-31
SHP_1626,41026,"DELIVERY TRUCK",2011-04-20
SHP_1627,41026,"EXPRESS AIR",2011-04-19
SHP_1628,41543,"DELIVERY TRUCK",2009-10-02
SHP_1629,41543,"REGULAR AIR",2009-10-02
SHP_163,19138,"EXPRESS AIR",2011-10-09
SHP_1630,41606,"DELIVERY TRUCK",2009-06-24
SHP_1631,41606,"REGULAR AIR",2009-06-24
SHP_1632,41926,"REGULAR AIR",2011-06-02
SHP_1633,41926,"REGULAR AIR",2011-05-02
SHP_1634,50533,"EXPRESS AIR",2011-02-06
SHP_1635,50533,"DELIVERY TRUCK",2011-01-06
SHP_1636,51747,"REGULAR AIR",2012-06-07
SHP_1637,53314,"REGULAR AIR",2010-09-19
SHP_1638,53314,"DELIVERY TRUCK",2010-09-21
SHP_1639,54791,"DELIVERY TRUCK",2012-12-22
SHP_164,19655,"REGULAR AIR",2009-12-01
SHP_1640,54912,"REGULAR AIR",2011-07-28
SHP_1641,55269,"REGULAR AIR",2010-08-03
SHP_1642,56101,"REGULAR AIR",2010-07-21
SHP_1643,56101,"REGULAR AIR",2010-07-22
SHP_1644,56582,"DELIVERY TRUCK",2009-12-06
SHP_1645,56677,"REGULAR AIR",2009-12-04
SHP_1646,59683,"REGULAR AIR",2012-10-14
SHP_1647,837,"REGULAR AIR",2009-06-16
SHP_1648,1059,"REGULAR AIR",2009-02-28
SHP_1649,1059,"REGULAR AIR",2009-02-27
SHP_165,19686,"REGULAR AIR",2010-08-15
SHP_1650,1826,"REGULAR AIR",2012-04-16
SHP_1651,2020,"REGULAR AIR",2010-06-22
SHP_1652,10340,"REGULAR AIR",2011-06-23
SHP_1653,10340,"REGULAR AIR",2011-06-25
SHP_1654,11044,"REGULAR AIR",2012-06-25
SHP_1655,13313,"REGULAR AIR",2009-07-18
SHP_1656,13313,"REGULAR AIR",2009-07-19
SHP_1657,15718,"REGULAR AIR",2009-01-28
SHP_1658,17506,"DELIVERY TRUCK",2010-04-03
SHP_1659,20003,"REGULAR AIR",2012-01-31
SHP_166,19686,"REGULAR AIR",2010-08-17
SHP_1660,20805,"REGULAR AIR",2011-01-13
SHP_1661,20805,"REGULAR AIR",2011-12-01
SHP_1662,20805,"REGULAR AIR",2011-11-01
SHP_1663,23524,"EXPRESS AIR",2009-04-30
SHP_1664,23524,"REGULAR AIR",2009-04-30
SHP_1665,29860,"REGULAR AIR",2009-09-16
SHP_1666,30787,"REGULAR AIR",2011-09-28
SHP_1667,37440,"REGULAR AIR",2010-06-25
SHP_1668,39872,"REGULAR AIR",2010-02-23
SHP_1669,39943,"REGULAR AIR",2012-08-06
SHP_167,20007,"REGULAR AIR",2009-06-08
SHP_1670,39943,"REGULAR AIR",2012-09-06
SHP_1671,42405,"REGULAR AIR",2010-01-23
SHP_1672,47171,"REGULAR AIR",2010-08-01
SHP_1673,47171,"DELIVERY TRUCK",2010-07-01
SHP_1674,48576,"REGULAR AIR",2012-02-12
SHP_1675,48576,"REGULAR AIR",2012-03-12
SHP_1676,53984,"REGULAR AIR",2012-11-12
SHP_1677,129,"REGULAR AIR",2012-11-27
SHP_1678,388,"REGULAR AIR",2012-12-18
SHP_1679,1345,"DELIVERY TRUCK",2012-10-31
SHP_168,20071,"DELIVERY TRUCK",2011-09-19
SHP_1680,1793,"REGULAR AIR",2012-11-07
SHP_1681,2209,"DELIVERY TRUCK",2012-11-07
SHP_1682,2209,"REGULAR AIR",2012-10-07
SHP_1683,2209,"REGULAR AIR",2012-09-07
SHP_1684,2947,"REGULAR AIR",2011-04-27
SHP_1685,3271,"DELIVERY TRUCK",2011-12-31
SHP_1686,3271,"EXPRESS AIR",2012-01-01
SHP_1687,4321,"EXPRESS AIR",2009-07-19
SHP_1688,4545,"REGULAR AIR",2010-01-18
SHP_1689,4545,"REGULAR AIR",2010-01-17
SHP_169,20160,"EXPRESS AIR",2011-10-24
SHP_1690,5572,"REGULAR AIR",2009-07-18
SHP_1691,5703,"REGULAR AIR",2010-05-16
SHP_1692,5920,"REGULAR AIR",2009-11-19
SHP_1693,6311,"REGULAR AIR",2010-02-13
SHP_1694,8231,"REGULAR AIR",2012-10-20
SHP_1695,8231,"REGULAR AIR",2012-10-19
SHP_1696,8709,"REGULAR AIR",2009-10-03
SHP_1697,8709,"DELIVERY TRUCK",2009-11-03
SHP_1698,9765,"REGULAR AIR",2012-10-19
SHP_1699,10147,"REGULAR AIR",2010-10-10
SHP_17,1154,"REGULAR AIR",2012-02-16
SHP_170,20263,"REGULAR AIR",2009-11-15
SHP_1700,11876,"REGULAR AIR",2011-06-07
SHP_1701,12224,"DELIVERY TRUCK",2009-12-14
SHP_1702,12224,"REGULAR AIR",2009-12-12
SHP_1703,12256,"REGULAR AIR",2012-12-20
SHP_1704,12261,"DELIVERY TRUCK",2010-10-28
SHP_1705,12261,"EXPRESS AIR",2010-10-27
SHP_1706,12261,"REGULAR AIR",2010-10-28
SHP_1707,12261,"REGULAR AIR",2010-10-30
SHP_1708,13408,"REGULAR AIR",2009-02-16
SHP_1709,13444,"REGULAR AIR",2012-08-01
SHP_171,20263,"REGULAR AIR",2009-11-16
SHP_1710,13601,"REGULAR AIR",2012-08-20
SHP_1711,13894,"REGULAR AIR",2012-11-04
SHP_1712,16480,"EXPRESS AIR",2009-08-12
SHP_1713,17858,"REGULAR AIR",2010-09-27
SHP_1714,17858,"REGULAR AIR",2010-09-26
SHP_1715,17858,"EXPRESS AIR",2010-09-26
SHP_1716,18561,"REGULAR AIR",2009-10-01
SHP_1717,19777,"REGULAR AIR",2012-10-19
SHP_1718,19777,"REGULAR AIR",2012-10-21
SHP_1719,21601,"REGULAR AIR",2011-06-04
SHP_172,21285,"REGULAR AIR",2010-04-07
SHP_1720,21670,"REGULAR AIR",2011-12-01
SHP_1721,23489,"EXPRESS AIR",2012-08-28
SHP_1722,24486,"REGULAR AIR",2011-04-23
SHP_1723,24869,"REGULAR AIR",2009-11-06
SHP_1724,25697,"REGULAR AIR",2011-04-26
SHP_1725,27490,"REGULAR AIR",2012-03-16
SHP_1726,27844,"REGULAR AIR",2011-01-07
SHP_1727,28451,"REGULAR AIR",2009-07-01
SHP_1728,28451,"REGULAR AIR",2009-06-01
SHP_1729,28451,"DELIVERY TRUCK",2009-07-01
SHP_173,21285,"REGULAR AIR",2010-05-07
SHP_1730,28482,"REGULAR AIR",2010-10-03
SHP_1731,28482,"REGULAR AIR",2010-08-03
SHP_1732,28642,"REGULAR AIR",2011-01-20
SHP_1733,29380,"REGULAR AIR",2009-04-28
SHP_1734,32036,"REGULAR AIR",2011-07-10
SHP_1735,32036,"REGULAR AIR",2011-06-10
SHP_1736,32295,"REGULAR AIR",2009-08-01
SHP_1737,33505,"REGULAR AIR",2010-09-29
SHP_1738,33505,"EXPRESS AIR",2010-09-25
SHP_1739,34086,"REGULAR AIR",2012-01-05
SHP_174,21383,"REGULAR AIR",2009-04-02
SHP_1740,34209,"REGULAR AIR",2010-08-26
SHP_1741,36807,"REGULAR AIR",2009-03-17
SHP_1742,37318,"REGULAR AIR",2010-04-17
SHP_1743,38496,"REGULAR AIR",2010-02-22
SHP_1744,41702,"REGULAR AIR",2010-12-23
SHP_1745,41702,"REGULAR AIR",2010-12-24
SHP_1746,44706,"DELIVERY TRUCK",2010-01-04
SHP_1747,44706,"REGULAR AIR",2010-04-04
SHP_1748,45347,"DELIVERY TRUCK",2010-09-30
SHP_1749,45347,"EXPRESS AIR",2010-01-10
SHP_175,21607,"REGULAR AIR",2012-03-17
SHP_1750,46627,"REGULAR AIR",2009-12-06
SHP_1751,47168,"DELIVERY TRUCK",2009-06-22
SHP_1752,47168,"REGULAR AIR",2009-06-22
SHP_1753,50051,"REGULAR AIR",2009-06-10
SHP_1754,50433,"DELIVERY TRUCK",2012-01-21
SHP_1755,50721,"REGULAR AIR",2012-02-29
SHP_1756,50758,"EXPRESS AIR",2012-07-14
SHP_1757,50883,"DELIVERY TRUCK",2012-01-06
SHP_1758,51524,"REGULAR AIR",2010-03-15
SHP_1759,51524,"EXPRESS AIR",2010-03-16
SHP_176,21636,"REGULAR AIR",2009-10-08
SHP_1760,52322,"REGULAR AIR",2010-09-02
SHP_1761,52932,"REGULAR AIR",2012-05-17
SHP_1762,52995,"REGULAR AIR",2012-03-15
SHP_1763,53024,"REGULAR AIR",2012-05-13
SHP_1764,54145,"REGULAR AIR",2010-02-01
SHP_1765,55840,"REGULAR AIR",2009-08-17
SHP_1766,56930,"REGULAR AIR",2012-08-17
SHP_1767,57570,"DELIVERY TRUCK",2012-09-30
SHP_1768,58051,"REGULAR AIR",2012-03-22
SHP_1769,59392,"REGULAR AIR",2010-06-27
SHP_177,21889,"REGULAR AIR",2010-08-04
SHP_1770,59392,"REGULAR AIR",2010-06-28
SHP_1771,3136,"REGULAR AIR",2009-11-08
SHP_1772,3648,"REGULAR AIR",2010-06-18
SHP_1773,3648,"REGULAR AIR",2010-06-23
SHP_1774,6246,"REGULAR AIR",2009-10-23
SHP_1775,9028,"DELIVERY TRUCK",2010-12-25
SHP_1776,9478,"REGULAR AIR",2009-03-29
SHP_1777,9478,"REGULAR AIR",2009-03-30
SHP_1778,12323,"REGULAR AIR",2011-03-04
SHP_1779,12323,"REGULAR AIR",2011-04-04
SHP_178,21889,"REGULAR AIR",2010-03-04
SHP_1780,13830,"REGULAR AIR",2009-12-24
SHP_1781,14791,"REGULAR AIR",2010-02-15
SHP_1782,18085,"DELIVERY TRUCK",2011-09-27
SHP_1783,18085,"REGULAR AIR",2011-09-26
SHP_1784,20674,"DELIVERY TRUCK",2010-09-12
SHP_1785,24903,"REGULAR AIR",2010-10-26
SHP_1786,25735,"REGULAR AIR",2011-01-13
SHP_1787,29762,"DELIVERY TRUCK",2010-04-08
SHP_1788,29856,"REGULAR AIR",2012-11-06
SHP_1789,32580,"REGULAR AIR",2011-09-15
SHP_179,22151,"REGULAR AIR",2010-07-31
SHP_1790,32580,"REGULAR AIR",2011-09-17
SHP_1791,34017,"EXPRESS AIR",2009-03-23
SHP_1792,34017,"REGULAR AIR",2009-03-25
SHP_1793,42597,"REGULAR AIR",2010-03-27
SHP_1794,46884,"REGULAR AIR",2009-01-18
SHP_1795,52325,"REGULAR AIR",2012-07-14
SHP_1796,53382,"REGULAR AIR",2009-12-28
SHP_1797,53382,"DELIVERY TRUCK",2009-12-28
SHP_1798,53728,"REGULAR AIR",2011-10-23
SHP_1799,65,"REGULAR AIR",2011-03-18
SHP_18,1344,"REGULAR AIR",2012-04-22
SHP_180,22342,"REGULAR AIR",2009-05-06
SHP_1800,230,"REGULAR AIR",2010-10-28
SHP_1801,355,"REGULAR AIR",2009-06-18
SHP_1802,449,"REGULAR AIR",2011-07-21
SHP_1803,640,"DELIVERY TRUCK",2010-01-23
SHP_1804,640,"REGULAR AIR",2010-01-23
SHP_1805,646,"REGULAR AIR",2009-11-22
SHP_1806,835,"REGULAR AIR",2011-08-10
SHP_1807,896,"REGULAR AIR",2010-08-03
SHP_1808,994,"REGULAR AIR",2009-04-23
SHP_1809,1057,"REGULAR AIR",2012-02-21
SHP_181,22469,"REGULAR AIR",2010-10-13
SHP_1810,1538,"REGULAR AIR",2011-06-18
SHP_1811,1701,"REGULAR AIR",2012-05-20
SHP_1812,1891,"REGULAR AIR",2009-12-16
SHP_1813,2022,"REGULAR AIR",2012-03-15
SHP_1814,2181,"REGULAR AIR",2011-12-09
SHP_1815,2181,"EXPRESS AIR",2011-09-14
SHP_1816,2628,"REGULAR AIR",2010-10-26
SHP_1817,2628,"DELIVERY TRUCK",2010-10-30
SHP_1818,2691,"DELIVERY TRUCK",2012-08-05
SHP_1819,2912,"DELIVERY TRUCK",2012-03-13
SHP_182,22501,"EXPRESS AIR",2010-05-19
SHP_1820,2912,"EXPRESS AIR",2012-03-18
SHP_1821,3235,"EXPRESS AIR",2011-11-16
SHP_1822,3266,"REGULAR AIR",2011-03-20
SHP_1823,3363,"REGULAR AIR",2011-09-22
SHP_1824,3585,"REGULAR AIR",2009-11-22
SHP_1825,3585,"REGULAR AIR",2009-11-23
SHP_1826,3745,"EXPRESS AIR",2010-09-30
SHP_1827,4128,"REGULAR AIR",2011-08-10
SHP_1828,4354,"REGULAR AIR",2009-09-30
SHP_1829,4550,"DELIVERY TRUCK",2009-12-30
SHP_183,22532,"REGULAR AIR",2011-08-02
SHP_1830,4743,"REGULAR AIR",2010-03-04
SHP_1831,4743,"REGULAR AIR",2010-06-04
SHP_1832,5251,"EXPRESS AIR",2011-04-13
SHP_1833,5283,"REGULAR AIR",2009-05-06
SHP_1834,5381,"REGULAR AIR",2010-04-02
SHP_1835,5444,"REGULAR AIR",2011-03-19
SHP_1836,5601,"REGULAR AIR",2012-06-01
SHP_1837,5760,"DELIVERY TRUCK",2009-05-25
SHP_1838,6438,"REGULAR AIR",2010-05-16
SHP_1839,6438,"REGULAR AIR",2010-05-17
SHP_184,23264,"REGULAR AIR",2010-09-12
SHP_1840,6592,"REGULAR AIR",2009-08-12
SHP_1841,6592,"EXPRESS AIR",2009-03-12
SHP_1842,6755,"REGULAR AIR",2011-03-05
SHP_1843,6918,"REGULAR AIR",2011-03-07
SHP_1844,7841,"REGULAR AIR",2012-05-22
SHP_1845,8103,"REGULAR AIR",2009-06-11
SHP_1846,8258,"REGULAR AIR",2009-02-03
SHP_1847,8454,"REGULAR AIR",2012-08-18
SHP_1848,8710,"REGULAR AIR",2009-05-01
SHP_1849,8710,"EXPRESS AIR",2009-06-01
SHP_185,23488,"DELIVERY TRUCK",2009-07-01
SHP_1850,8835,"REGULAR AIR",2009-10-14
SHP_1851,8960,"EXPRESS AIR",2010-07-06
SHP_1852,8960,"REGULAR AIR",2010-07-06
SHP_1853,9281,"EXPRESS AIR",2012-02-25
SHP_1854,9281,"REGULAR AIR",2012-02-25
SHP_1855,9350,"DELIVERY TRUCK",2012-01-11
SHP_1856,9350,"REGULAR AIR",2012-02-11
SHP_1857,9665,"REGULAR AIR",2009-04-23
SHP_1858,9665,"DELIVERY TRUCK",2009-04-25
SHP_1859,9893,"DELIVERY TRUCK",2009-08-19
SHP_186,23584,"DELIVERY TRUCK",2012-03-14
SHP_1860,10183,"DELIVERY TRUCK",2009-11-25
SHP_1861,10247,"REGULAR AIR",2010-11-01
SHP_1862,10247,"REGULAR AIR",2010-12-01
SHP_1863,10371,"EXPRESS AIR",2009-09-18
SHP_1864,10498,"REGULAR AIR",2010-10-30
SHP_1865,10624,"REGULAR AIR",2009-12-22
SHP_1866,11425,"REGULAR AIR",2011-06-23
SHP_1867,11425,"EXPRESS AIR",2011-06-24
SHP_1868,11491,"REGULAR AIR",2010-08-26
SHP_1869,11491,"EXPRESS AIR",2010-08-19
SHP_187,24007,"REGULAR AIR",2010-02-09
SHP_1870,11841,"REGULAR AIR",2010-04-22
SHP_1871,11841,"REGULAR AIR",2010-04-20
SHP_1872,11878,"REGULAR AIR",2010-02-25
SHP_1873,12130,"REGULAR AIR",2011-12-12
SHP_1874,12160,"DELIVERY TRUCK",2010-12-17
SHP_1875,12160,"REGULAR AIR",2010-12-16
SHP_1876,12160,"REGULAR AIR",2010-12-17
SHP_1877,12258,"DELIVERY TRUCK",2009-11-30
SHP_1878,12258,"REGULAR AIR",2009-05-12
SHP_1879,12258,"REGULAR AIR",2009-04-12
SHP_188,24007,"REGULAR AIR",2010-08-30
SHP_1880,12258,"EXPRESS AIR",2009-07-12
SHP_1881,12263,"REGULAR AIR",2011-06-07
SHP_1882,12551,"REGULAR AIR",2012-06-18
SHP_1883,12736,"REGULAR AIR",2010-03-15
SHP_1884,12768,"EXPRESS AIR",2009-10-04
SHP_1885,12837,"REGULAR AIR",2012-03-12
SHP_1886,12897,"REGULAR AIR",2011-07-19
SHP_1887,12897,"EXPRESS AIR",2011-07-19
SHP_1888,13030,"EXPRESS AIR",2009-07-24
SHP_1889,13091,"REGULAR AIR",2009-11-16
SHP_189,24038,"REGULAR AIR",2011-06-22
SHP_1890,13383,"REGULAR AIR",2012-06-17
SHP_1891,13440,"REGULAR AIR",2010-10-15
SHP_1892,13479,"REGULAR AIR",2009-06-12
SHP_1893,13479,"REGULAR AIR",2009-05-12
SHP_1894,13633,"DELIVERY TRUCK",2012-04-04
SHP_1895,13633,"REGULAR AIR",2012-04-04
SHP_1896,13735,"REGULAR AIR",2009-05-23
SHP_1897,13861,"REGULAR AIR",2010-11-08
SHP_1898,13892,"REGULAR AIR",2012-04-28
SHP_1899,14023,"REGULAR AIR",2010-02-22
